"","ideology","Username","Real_Name","verified","followers_count","retweet_count"
"1","C","nprpolitics","NPR Politics",FALSE,1807526,0
"2","C","gregnazvanov","greg nazvanov",FALSE,688066,0
"3","C","nonprofitorgs","@NonprofitOrgs",FALSE,565798,25
"4","C","Wakooz_RSS","Jean-Sébastien J. ",FALSE,554224,0
"5","C","ForbesTech","Forbes.com Tech News",FALSE,552872,0
"6","C","Radioblogger","Duane Patterson",FALSE,548878,0
"7","C","nansen","Nansen Malin",FALSE,515253,2
"8","C","folha_com","Folha de S.Paulo",FALSE,429752,0
"9","C","DRUDGE_REPORT","DRUDGE REPORT",FALSE,424096,0
"10","C","JonahLupton","Jonah Lupton",FALSE,406239,0
"11","C","echoinggreen","Echoing Green",FALSE,401386,0
"12","C","clatko","Chris Latko ¯ê¹éÈ¥³ÿ",FALSE,400444,0
"13","C","FXStefan","Stefan Stredak",FALSE,378296,0
"14","C","GLaraLopez","Gerardo Lara",FALSE,374838,0
"15","C","HealthHabits","Health Habits",FALSE,370307,0
"16","C","NowReport","NowReport",FALSE,369633,0
"17","C","tjholthaus","Tom Holthaus",FALSE,354221,0
"18","C","WayneElsey","Wayne Elsey",FALSE,326302,1
"19","C","TPO_Hisself","Tom O'Halloran",FALSE,312051,0
"20","C","AnnCoulter","Ann Coulter",FALSE,282526,2
"21","C","grattongirl","Sarah-Jayne Gratton",FALSE,268225,0
"22","C","fxp123","Algernon  Fross",FALSE,252480,120
"23","C","AmerMedicalAssn","AMA",FALSE,248920,0
"24","C","FredCuellar","Fred Cuellar",FALSE,242562,0
"25","C","OperationFollow","#TeamFollowBack",FALSE,231375,0
"26","C","zaibatsu","Reg Saddler",FALSE,229796,0
"27","C","NYTSmallBiz","NYT Small Business",FALSE,219827,0
"28","C","BryanLongworth","Bryan Longworth",FALSE,218461,0
"29","C","rockingjude","rockingjude",FALSE,214203,1
"30","C","jkloren","Julian Keith Loren",FALSE,197467,0
"31","C","BlogginJoe","U(Õ?-)U #195K+",FALSE,195535,0
"32","C","mbl","MB Linder",FALSE,194356,0
"33","C","RealFarrahGray","Farrah Gray",FALSE,187421,0
"34","C","tinastullracing","Tina Stull",FALSE,185985,2
"35","C","RogerBezanis","ROGER BEZANIS",FALSE,176946,0
"36","C","JETAR9","Etienne Arsenault",FALSE,170325,1
"37","C","OccupyWallSt","Occupy Wall Street",FALSE,170267,0
"38","C","PersonhoodFL","Personhood Florida",FALSE,167838,0
"39","C","TCTaxTeaParty","TC Tax Day Tea Party",FALSE,167166,0
"40","C","CharityZone","Charity Zone",FALSE,166585,3
"41","C","HousingReporter","Joe Manausa",FALSE,166260,0
"42","C","politifact","PolitiFact",FALSE,161826,0
"43","C","fivethirtyeight","Nate Silver",FALSE,159610,0
"44","C","DrEddyClinic","Dr.Eddy M.D.",FALSE,159415,0
"45","C","personhoodusa","personhoodusa",FALSE,158475,0
"46","C","OnlineBizss","Business & Finance",FALSE,157110,0
"47","C","HealthHive","Health News",FALSE,156258,0
"48","C","WashingtonDCTea","WashingtonDCTeaParty",FALSE,154834,0
"49","C","MarkRMatthews","Mark R Matthews",FALSE,151341,0
"50","C","williamtincup","William Tincup, SPHR",FALSE,148697,0
"51","C","KatyinIndy","Katy",FALSE,146780,0
"52","C","SupermanHotMale","Tim",FALSE,142777,0
"53","C","WarrenWhitlock","Warren Whitlock",FALSE,142302,0
"54","C","maudnewton","Maud Newton",FALSE,140805,0
"55","C","mikepfs","mikepfs",FALSE,138824,0
"56","C","mikeallen","Mike Allen",FALSE,132384,8
"57","C","bpblog2","Bible Prophecy Blog",FALSE,131994,0
"58","C","wishnie","Christopher Wishnie",FALSE,129491,0
"59","C","AmFutureFund","American Future Fund",FALSE,127545,0
"60","C","SOHLTC","Sanctity Human Life",FALSE,125578,0
"61","C","eartheats","Earth Eats",FALSE,124128,0
"62","C","KOSMOSNET","Teodora Stanev",FALSE,122602,0
"63","C","ltcassociates","LTCA INC",FALSE,118849,0
"64","C","JohnAguiar","John Paul Aguiar",FALSE,117486,0
"65","C","sohlfl","Sanctity Human Life",FALSE,117116,0
"66","C","ShaunCanonMusic","Shaun Canon",FALSE,116353,0
"67","C","TamelaJaeger","Tamela Jaeger",FALSE,115750,0
"68","C","YoungPlatinum","Young Platinum",FALSE,115151,0
"69","C","SohlUSA","Sanctity of Life",FALSE,114064,0
"70","C","TheAtlanticHLTH","TheAtlanticHealth",FALSE,109739,0
"71","C","mercola","Dr. Mercola",FALSE,109659,0
"72","C","BobGarrett","Bob Garrett",FALSE,109253,1
"73","C","MrScottEddy","Scott Eddy ",FALSE,108543,0
"74","C","BraveLad","Markham Robinson",FALSE,108322,0
"75","C","TwiterHero","TwiterHero",FALSE,106373,0
"76","C","ProNetworkBuild","Lonny Dunn",FALSE,105780,0
"77","C","the_gman","Gerald Weber",FALSE,105191,0
"78","C","brooksbayne","brooks bayne",FALSE,104501,0
"79","C","dpbkmb","FunDave",FALSE,103633,0
"80","C","Jason_Pollock","Jason Pollock",FALSE,102629,8887
"81","C","ChristianRep","ChristianRep",FALSE,102018,0
"82","C","UniversalGraceF","Luce Fleury Levi",FALSE,99505,0
"83","C","BobbyJindal","Gov. Bobby Jindal",FALSE,98985,0
"84","C","jerell","Jerell Klaver",FALSE,98250,0
"85","C","CovenantTab","Covenant Tabernacle",FALSE,97604,4
"86","C","startuptechguy","Startup Tech Guy",FALSE,97460,0
"87","C","PersonhoodCO","Personhood Colorado",FALSE,95093,0
"88","C","flowersophy","flowersophy",FALSE,94361,0
"89","C","robertomazzoni","Roberto Mazzoni",FALSE,92452,0
"90","C","lookeastwest","LJ Blake",FALSE,92124,212
"91","C","Seeds4Parents","Meg Lawton",FALSE,91552,0
"92","C","PolwireHotwires","Polwire Hotwires",FALSE,91397,0
"93","C","paulhaynes","Paul Haynes",FALSE,88018,0
"94","C","TesslerPT","Tessler",FALSE,87818,0
"95","C","NajibCherif","najib bencherif",FALSE,87013,0
"96","C","GregWHoward","Greg Howard",FALSE,85192,0
"97","C","ruhanirabin","Ruhani Rabin",FALSE,85189,0
"98","C","abc7","ABC7 Eyewitness News",FALSE,83485,0
"99","C","ThisAmerLife","This American Life",FALSE,82605,0
"100","C","denversolarguy","Viking Services",FALSE,81147,0
"101","C","DavidLimbaugh","David Limbaugh",FALSE,81053,0
"102","C","Miller51550","Bob Miller",FALSE,79827,0
"103","C","blogboy2","mikec",FALSE,79387,0
"104","C","OBAMA_GAMES","BIG GUNS",FALSE,79166,0
"105","C","bevisbutthead","Beavis And Butthead",FALSE,78035,0
"106","C","mkhammer","Mary Katharine Ham",FALSE,75818,0
"107","C","jjjinvesting","Jeffrey Weber",FALSE,73970,0
"108","C","CynthiaY29","Cynthia Yildirim",FALSE,73878,176
"109","C","exposeliberals","ne1 g0tz",FALSE,73755,0
"110","C","RightCandidates","Doug Ray",FALSE,72833,0
"111","C","k_m_allan","kevin allan",FALSE,71142,1
"112","C","Someguynamedpat","Patrick Nocera",FALSE,70612,0
"113","C","STXherry","Sherry  ",FALSE,70404,0
"114","C","WeGotEd","Ed Schultz",FALSE,68512,0
"115","C","sandanyi","San Dan Yi",FALSE,67538,0
"116","C","stonerjesus420","Stoner Jesus""",FALSE,67348,0
"117","C","weeklystandard","weeklystandard",FALSE,66813,0
"118","C","lr3031","Lou ",FALSE,66715,0
"119","C","recruitmentjob","Global Recruitment",FALSE,65853,0
"120","C","EmperorDarroux","HRH Emperor Darroux",FALSE,65186,0
"121","C","DougDauntless","Doug Dauntless",FALSE,64755,10
"122","C","Sinastr","sinastr",FALSE,64749,0
"123","C","firetown","Mike Dammann",FALSE,64721,0
"124","C","KinderEric","Eric Jonas Swensson",FALSE,64526,0
"125","C","phdinparenting","phdinparenting",FALSE,64368,7
"126","C","Eliz4Senate","News RTs *Unofficial",FALSE,62733,5
"127","C","FuturePowerGen","Lucas Wyrsch",FALSE,62722,0
"128","C","TPOs_Favorites","Tom O'Halloran",FALSE,62159,0
"129","C","edhenryTV","Ed Henry",FALSE,61872,1
"130","C","Augustine25","Augustine 25",FALSE,61423,73
"131","C","ShortAlerts","Stock Alerts",FALSE,61106,0
"132","C","PersonhoodMS","Personhood MS",FALSE,60484,0
"133","C","Peggynoonannyc","Peggy Noonan",FALSE,58187,0
"134","C","organicconnect","Organic Connections",FALSE,58133,0
"135","C","BluegrassPundit","Howard Notelling",FALSE,57688,1
"136","C","VacciNewsNet","VacciNewsNet",FALSE,57380,0
"137","C","paulmerriwether","Paul Merriwether",FALSE,57198,0
"138","C","8packabs","8 Pack Abs",FALSE,56996,0
"139","C","ijreview","I.J. Review",FALSE,56986,0
"140","C","TBParenting","Tampa Bay Parenting",FALSE,56834,0
"141","C","MusicByAlma","Alma  Rivera",FALSE,56636,0
"142","C","SteveWoda","Steve Woda",FALSE,56278,0
"143","C","JohnJAlbertine","John J Albertine",FALSE,56270,0
"144","C","EliteProCoach","KeithLawrenceMiller",FALSE,56081,0
"145","C","rickklein","Rick Klein",FALSE,55734,0
"146","C","johnsykes1035","John Sykes",FALSE,54543,0
"147","C","Disalmanac","Disalmanac",FALSE,54541,0
"148","C","TimBurt","Tim Burt",FALSE,54537,0
"149","C","elephantjournal","Waylon Lewis",FALSE,54378,0
"150","C","ACTORSandCREW","ACTORSandCREW",FALSE,54367,0
"151","C","paulhelmick","Paul Helmick",FALSE,54323,0
"152","C","truthout","Truthout",FALSE,53892,0
"153","C","GlenWoodfin","Glen Woodfin",FALSE,53697,0
"154","C","busrep","Business Report",FALSE,52996,0
"155","C","TeaPartyCat","Top Conservative Cat",FALSE,52944,0
"156","C","PatriotJournal","Michael Spence",FALSE,52712,0
"157","C","AGreenRoad","A Green Road"" M.Blog",FALSE,52549,0
"158","C","DavidShuster","David Shuster",FALSE,52475,0
"159","C","tweetAmiracle","Ron Paul - Real Hope",FALSE,52325,0
"160","C","normbond","Norm Bond",FALSE,51791,0
"161","C","tkinder","Terry Kinder",FALSE,51605,23
"162","C","BoomerLivingNow","Doug Fitzgerald",FALSE,51527,0
"163","C","NetNinjaCo","Net Ninja",FALSE,51456,0
"164","C","andilinks","Andrea Silver",FALSE,50952,1
"165","C","legalbear","Barry Smith",FALSE,50457,0
"166","C","iluvblackwomen","LMartin JohnsonPratt",FALSE,50439,0
"167","C","VoteSmartToday","Richard D. Cushing",FALSE,50404,0
"168","C","PersonhoodAL","Personhood Alabama",FALSE,50374,0
"169","C","kilmeade","Brian Kilmeade",FALSE,49821,0
"170","C","GreenBizWorld","Green Business World",FALSE,49739,0
"171","C","lucasofri","Luca Sofri",FALSE,49583,1
"172","C","PAC43","Paul Combs",FALSE,49568,0
"173","C","New_federalists","newfederal",FALSE,49428,0
"174","C","hannityfans","Sean Hannity Fan",FALSE,49403,34
"175","L","shoplosgatos","Los Gatos, CA ",FALSE,2929172,0
"176","L","vipregan","Matt ",FALSE,530315,0
"177","L","geoff_deweaver","Geoff De Weaver ",FALSE,442086,0
"178","L","BossChicks_","BossChicks.com",FALSE,427869,0
"179","L","JessicaNorthey","Jessica Northey",FALSE,397548,184
"180","L","FamHealthGuide","Family Health Guide",FALSE,396285,0
"181","L","alicam","Alister Cameron",FALSE,388211,0
"182","L","DrJeffersnBoggs","Jefferson Boggs ",FALSE,381048,0
"183","L","brentnhunter","Brent N. Hunter",FALSE,372619,0
"184","L","PeteOlsen","Peter Olsen",FALSE,364863,0
"185","L","AskAaronLee","Aaron Lee",FALSE,339646,0
"186","L","AnnTran_","Ann Tran",FALSE,333680,0
"187","L","CollChris","Chris Collins",FALSE,321097,0
"188","L","LollyDaskal","Lolly Daskal",FALSE,311425,0
"189","L","WeBlogtheWorld","Travel/Food/Events",FALSE,302321,0
"190","L","AmericanCancer","American Cancer Soc",FALSE,281931,0
"191","L","geoff9cow","Geoff Ninecow",FALSE,281761,1
"192","L","paul_steele","paul steele",FALSE,276155,0
"193","L","GWPStudio","Greg Wilson",FALSE,271750,0
"194","L","thehill","The Hill",FALSE,271270,0
"195","L","LoriMoreno","LoriMoreno",FALSE,269792,0
"196","L","GbrilliantQ","GbrilliantQ"" ",FALSE,268027,0
"197","L","ThinkAboutitT1","Dr. Aaron Ramsey,PhD",FALSE,258773,904
"198","L","StockTwits","Stocktwits",FALSE,205480,0
"199","L","kylejnorton","Kyle J.Norton",FALSE,205204,0
"200","L","VonniMediaMogul","Javonni Brustow",FALSE,204605,2
"201","L","artwiz","Art Wiz",FALSE,191632,0
"202","L","thebump","The Bump",FALSE,191535,0
"203","L","jilevin","Jeffrey Levin",FALSE,190914,0
"204","L","pAmsLoVe","dPam (Õ?Õ) d",FALSE,188623,0
"205","L","Rcmleads","Rcmleads",FALSE,184705,0
"206","L","StrykerandMFT","50/50innertainment",FALSE,182207,117
"207","L","_Woman_health","Chantel Martiromo",FALSE,180641,0
"208","L","verkoren","Maarten Verkoren",FALSE,172499,0
"209","L","Dputamadre","Dputamadre",FALSE,171608,0
"210","L","abroaderview","ABroaderView",FALSE,169637,0
"211","L","eeordogh","Esteban Eordogh",FALSE,169305,0
"212","L","YogaArmy","Sebastian St. George",FALSE,162586,0
"213","L","AxelKoster","Axel Koster",FALSE,160823,1
"214","L","stephenkruiser","stephenkruiser",FALSE,154785,14
"215","L","socialmediamind","Social Media Mind",FALSE,144973,0
"216","L","KidsHealth","KidsHealth",FALSE,144187,0
"217","L","TheMehulPatel","Mehul Patel",FALSE,144002,0
"218","L","Lissarankin","Lissa Rankin, MD",FALSE,143809,0
"219","L","dotmusic","dotMusic Web Domains",FALSE,140421,0
"220","L","letgohealthy","Aree B.",FALSE,134350,0
"221","L","dantanner","Dan tanner",FALSE,134098,0
"222","L","Marcus2braids","I Sell Human Hair",FALSE,131892,0
"223","L","media55","Trent Partridge",FALSE,129590,0
"224","L","LOLGOP","LOLGOP",FALSE,129452,0
"225","L","IamRayRockz","Ray Rockz",FALSE,126995,0
"226","L","LaughNYC","Paul Corrigan",FALSE,126271,1
"227","L","SocialMedia411","Social Media News",FALSE,125562,0
"228","L","aheartforgod","aheartforgod",FALSE,123151,0
"229","L","chefpaul9828","Harrison Marketing",FALSE,121583,0
"230","L","krauthammer","Charles Krauthammer",FALSE,121417,0
"231","L","Gamer__Guy","[ Braden Port [",FALSE,120968,0
"232","L","StephenCaggiano","Stephen J. Caggiano",FALSE,120535,0
"233","L","museumnerd","Museum Nerd",FALSE,116124,0
"234","L","BurtonBrown","Burton Brown Sr.",FALSE,115249,0
"235","L","joerazz","Joseph Raczynski",FALSE,113115,0
"236","L","jaycbee","Jazz Baker",FALSE,109909,0
"237","L","ComedianSHANG","SHANG Forbes",FALSE,105451,179
"238","L","tw1tt3rart","@tw1tt3rart",FALSE,103703,0
"239","L","pandora_radio","Pandora",FALSE,103185,0
"240","L","lenderapartment","Apartment Lender",FALSE,102439,0
"241","L","JanSimpson","Justme",FALSE,101967,1
"242","L","MrBradJames","Brad James",FALSE,101072,1162
"243","L","SINOradio","SINOradio",FALSE,100159,0
"244","L","SeriousTraders","SeriousTraders",FALSE,98707,0
"245","L","twiteconomy","Tweeter Economy",FALSE,98170,0
"246","L","4thWeb","4thWeb",FALSE,96424,0
"247","L","DubliAlive","DubliAlive",FALSE,96264,0
"248","L","TurnbullMalcolm","Malcolm Turnbull",FALSE,93692,0
"249","L","smallbiztrends","Anita Campbell",FALSE,93400,0
"250","L","InsideHoops","InsideHoops.com",FALSE,92541,0
"251","L","ToriHartman","ToriHartman",FALSE,92394,0
"252","L","bsainsbury","Bonnie Sainsbury",FALSE,92049,0
"253","L","TaoMannaDon","Don L Turner",FALSE,91155,0
"254","L","capepac","CAPE PAC",FALSE,89772,0
"255","L","rollcallpols","Roll Call Politics",FALSE,89641,1
"256","L","Lesism","Les Floyd",FALSE,89085,0
"257","L","vexnews","vexnews",FALSE,87602,0
"258","L","TedRubin","Ted Rubin",FALSE,87391,0
"259","L","Marcome","MARCOME",FALSE,87244,0
"260","L","cnnireport","CNN iReport",FALSE,86282,0
"261","L","QSTwits","QualityStocks Twits",FALSE,85967,0
"262","L","comm_mortg","Commercial Mortgage",FALSE,85214,0
"263","L","SmokingDesigns","SmokingDesigners",FALSE,85154,3
"264","L","TomHall","Tom Hall",FALSE,84304,0
"265","L","ggreenwald","Glenn Greenwald",FALSE,84165,0
"266","L","samsteinhp","Sam Stein",FALSE,83848,0
"267","L","dcagle","Daryl Cagle",FALSE,83071,0
"268","L","DailyCaller","The Daily Caller",FALSE,82897,0
"269","L","JoyceSchneider1","JoyceSchneider1",FALSE,82368,0
"270","L","LadiesBeLovinMe","GalaxyBoyEnt",FALSE,81440,0
"271","L","EliteAndBright","EliteAndBright",FALSE,80054,0
"272","L","TerranceCharles","Terrance Charles",FALSE,79122,2518
"273","L","saferreefer","Safer Reefer",FALSE,78503,0
"274","L","louiebaur","Louie Baur ",FALSE,77220,0
"275","L","seniorhousingfi","UNCOMPLICATEDFINANCE",FALSE,77096,0
"276","L","ToTheContrary","PBS' To The Contrary",FALSE,76441,0
"277","L","JustTweets","Rob Harvey",FALSE,75143,0
"278","L","MikeBaggz","Mike Baggz",FALSE,74511,602
"279","L","WeActRadio","We Act Radio",FALSE,74498,0
"280","L","ILoveMyTrips","Graeme Evans",FALSE,74400,0
"281","L","tpr2","tpr2",FALSE,74288,0
"282","L","ajc","AJC ",FALSE,74096,0
"283","L","ColleenLindsay","Colleen Lindsay",FALSE,73524,1
"284","L","_SEM","SEM SEO PPC gossips",FALSE,72441,0
"285","L","jameshaning","James F. Haning II",FALSE,71407,0
"286","L","SgtDunson","SGT Dunson",FALSE,69276,4253
"287","L","FilmLadd","Film Ladd",FALSE,69247,0
"288","L","HealthierLifeCo","James Binns",FALSE,67684,0
"289","L","denverpost","The Denver Post",FALSE,67657,0
"290","L","GeniaStevens","Genia ",FALSE,67515,0
"291","L","askbillmitchell","Bill Mitchell",FALSE,67282,0
"292","L","USRealityCheck","US Reality Check ",FALSE,65033,0
"293","L","organicguru","Organic Guru",FALSE,64466,0
"294","L","debostic","Daniel Bostic",FALSE,63834,41
"295","L","BillBateman1","Bill Bateman",FALSE,63320,0
"296","L","pulse2dotcom","Pulse 2",FALSE,61266,0
"297","L","WEPromote","Malathy Drew",FALSE,61004,4
"298","L","MaldivesJobCorp","Maldives Job Corp",FALSE,60587,0
"299","L","bayareabites","bayareabites",FALSE,60014,2
"300","L","paulapoundstone","Paula Poundstone",FALSE,59656,0
"301","L","mikewhitmore","Mike Whitmore",FALSE,59436,0
"302","L","wgpasunny1100","WGPA SUNNY 1100 AM",FALSE,59071,0
"303","L","kcrw","KCRW",FALSE,58942,0
"304","L","ChadTEverson","ChadTEverson",FALSE,58381,0
"305","L","JohnFMoore","John Moore",FALSE,58213,0
"306","L","ProfessorGary","Gary Schirr",FALSE,57849,0
"307","L","LiveScience","LiveScience",FALSE,57787,0
"308","L","scanbiz4051","H K Jenkins",FALSE,56634,0
"309","L","Harpers","Harper's Magazine",FALSE,55920,0
"310","L","MichaelButlerSr","Michael D. Butler Sr",FALSE,55754,0
"311","L","LPT365","LPT365""",FALSE,55352,0
"312","L","tonydbaker","Tony Darrick Baker",FALSE,55131,31
"313","L","davidcarlson1","David Carlson",FALSE,54632,0
"314","L","jasonagastrich","Jason Gastrich",FALSE,54446,0
"315","L","FireAlley","FireAlley",FALSE,54234,0
"316","L","OpenGovTV","Open Government TV",FALSE,53949,0
"317","L","Tigerfists88","Rock",FALSE,53693,2
"318","L","SiriusNews_com","Richard Keane",FALSE,52925,2
"319","L","josephweaver","Joe Weaver, RN. 1LT",FALSE,52728,0
"320","L","RightOrgs","Doug_Ray",FALSE,52266,1
"321","L","seattletimes","The Seattle Times",FALSE,52230,0
"322","L","giaiphapso","Gi£i Pháp SÑ",FALSE,52227,0
"323","L","bobbyjaytucker","Bobby Tucker",FALSE,52105,0
"324","L","TarzanaAlec","Tarzana Alec",FALSE,51830,0
"325","L","cnalive","Catholic News Agency",FALSE,51815,0
"326","L","AlterNet","AlterNet",FALSE,51681,0
"327","L","uknewsdepot","Uk News Depot",FALSE,51065,0
"328","L","robotchampion","steven mandzik",FALSE,50961,0
"329","L","RWJF_HumanCap","RWJF Human Capital",FALSE,50735,0
"330","L","burritojustice","burritojustice",FALSE,50280,500
"331","L","ShellyKramer","Shelly Kramer",FALSE,50244,0
"332","L","FreeStateMents","FreeStateMents",FALSE,50240,61
"333","L","JONWEXFORD","Jon Wexford",FALSE,49606,13
"334","L","LANow","L.A. Times: L.A. Now",FALSE,49406,0
"335","L","s0kie","Herbert Musoke",FALSE,49232,0
"336","L","angels510","Angie S.",FALSE,48978,0
"337","L","Pres_Bartlet","Josiah Bartlet",FALSE,48934,0
"338","L","JeffreyFeldman","JeffreyFeldman",FALSE,48592,0
"339","L","DustyTrice","Dusty Trice",FALSE,48519,226
"340","L","BlogHer","BlogHer ",FALSE,48302,0
"341","L","JoeDuck","Joe Hunkins",FALSE,48232,0
"342","L","brieanna_s","brieanna",FALSE,47819,5
"343","L","DrHubaEvaluator","George Huba",FALSE,47711,0
"344","L","ALIBABAGCFR","ALIBABAGCFR",FALSE,45266,1
"345","L","FarRightOfLeft","R",FALSE,44865,0
"346","L","DNCRental","DNCRental.com",FALSE,44367,33
"347","L","DrDogs247","DrDogs247",FALSE,44317,0
"348","L","nutritionworld","yournutritionworld",FALSE,44151,0
"349","L","USATODAYcollege","USA TODAY College",FALSE,43993,0
"350","L","SwiftKey","SwiftKey",FALSE,43907,0
"351","L","interlopertx","Self Employed",FALSE,43889,0
"352","L","GinaUncensored","Gina",FALSE,43880,0
"353","L","janiezgarcia","janeBBe <ar¹e",FALSE,43765,11
"354","L","tmbeaudoin","Tim Beaudoin",FALSE,43502,0
"355","L","theGrio","theGrio.com",FALSE,43291,0
"356","L","ccoalition","Christian Coalition",FALSE,43180,0
"357","L","RNC_2012","2012 RNC Events",FALSE,42785,31
"358","L","catsrimportant","Cats Are Important",FALSE,42437,31
"359","L","StockPycks","StockPycks.com",FALSE,42211,6
"360","L","SteveLevine1","Steve Levine",FALSE,42207,0
"361","L","RyanNewYork","Ryan J. Davis",FALSE,41461,0
"362","L","ThePlumLineGS","Greg Sargent",FALSE,41183,0
"363","L","kmorrison","Katherine Morrison",FALSE,40622,3
"364","L","MrStevenGeorge","Steven George",FALSE,40462,0
"365","L","WSJwashington","WSJ Washington Wire",FALSE,40395,0
"366","L","kevinmcnabbintl","Kevin McNabb",FALSE,40374,0
"367","L","BrainLine","BrainLine",FALSE,40103,0
"368","L","BuzzFeedAndrew","Andrew Kaczynski",FALSE,39996,1
"369","L","HishamFageeh","G4'E ABJG",FALSE,39886,0
"370","L","CharlesMunn1","Charles Munn",FALSE,39882,1
"371","L","ArmorBear_PPB","Anthony Jackson",FALSE,39736,0
"372","L","MegsMurals","Meg Monahan",FALSE,39623,1
"373","L","TechZader","Chris Luzader",FALSE,39498,0
"374","L","right12day","Chuck ",FALSE,39029,0
"375","L","NormanAHood","Norman A. Hood",FALSE,38962,0
"376","L","LeslieMarshall","Leslie Marshall",FALSE,38707,0
"377","L","rubenharris","Ruben Harris",FALSE,38669,109
"378","L","sree","Sree Sreenivasan",FALSE,38464,0
"379","L","Eugene_Robinson","Eugene Robinson",FALSE,38293,0
"380","L","DougUSA","Doug Davenport",FALSE,38266,8
"381","L","jonhutson","Jon Hutson",FALSE,38195,0
"382","L","tomheston","Tom",FALSE,38136,0
"383","L","SBarnes","Steve Barnes",FALSE,38051,4
"384","L","fstoppers","fstoppers.com",FALSE,38022,0
"385","L","BlackNews","Black News",FALSE,37959,0
"386","L","Be_First_Media","Multi Media Exceutiv",FALSE,37773,0
"387","L","kellyanncollins","Kelly Ann Collins",FALSE,37622,0
"388","L","MtnMD","Dr Kelly Sennholz",FALSE,37422,0
"389","L","elimin8prejudic","Eliminate Prejudice",FALSE,37274,0
"390","L","ByronYork","Byron York",FALSE,36912,0
"391","L","Chicagoist","Chicagoist.com",FALSE,36803,0
"392","L","DealerDx","Car Auto Inside News",FALSE,36707,0
"393","L","ProSyn","Project Syndicate",FALSE,36461,0
"394","L","RickGriffin","RickGriffin",FALSE,36291,0
"395","L","PolicySettle","Policy Settlement",FALSE,35998,0
"396","L","kate_sheppard","Kate Sheppard",FALSE,35857,1
"397","L","PRI","PRI",FALSE,35522,0
"398","L","GCGodfrey","Gemma Godfrey",FALSE,35416,0
"399","L","SciTechScotty","SciTech Scotty",FALSE,35248,0
"400","L","rob_sheridan","Rob Sheridan",FALSE,35191,0
"401","L","LeeHillerLondon","Lee Hiller-London",FALSE,35054,1
"402","L","cschweitz","Callie Schweitzer",FALSE,34708,0
"403","L","twitjako","Le JAKO de l'île!",FALSE,34642,0
"404","L","davidmwessel","David Wessel",FALSE,34595,0
"405","L","NYPhilanthropy","The NYPG",FALSE,34312,10
"406","L","WallStSurfers","WallStreetSurfers",FALSE,34295,4
"407","L","CheriDouglas","Cheri Douglas",FALSE,34167,0
"408","L","MidEastNews","Middle East News",FALSE,33747,0
"409","L","UpSearchCoach","Shawn Upchurch",FALSE,33501,1
"410","L","TheNewDeal","TheNewDeal",FALSE,33388,0
"411","L","StopWeightGain","JerDonSaraGibbs",FALSE,33355,0
"412","L","cc_chapman","C.C. Chapman",FALSE,33304,0
"413","L","RobQuigley","Rob Quigley",FALSE,33132,0
"414","L","CrainsChicago","Crain's Chicago ",FALSE,33104,0
"415","L","ecogreen4us","ecogreen4us",FALSE,33030,0
"416","L","HarvardHSPH","HarvardPublicHealth",FALSE,32828,0
"417","L","Earn400Everyday","Make $ Online Secret",FALSE,32794,0
"418","L","DailySource","DailySource",FALSE,32706,0
"419","L","DollarsAsAmmo","Doug_Ray",FALSE,32706,134
"420","L","SchaumburgLink","Schaumburg Link",FALSE,32079,0
"421","L","AyYoQ","Ay Yo Q! ",FALSE,31832,0
"422","L","OrganicConsumer","Organic Consumers",FALSE,31587,0
"423","L","jboitnott","John Boitnott",FALSE,31513,3
"424","L","Tymlee","Michelle Matthews",FALSE,31110,0
"425","L","gaycivilrights","Gay Civil Rights",FALSE,30871,0
"426","L","NAACP","The NAACP",FALSE,30732,0
"427","L","sdmattpotter","sdmattpotter",FALSE,30672,0
"428","L","stephencrose","Stephen C. Rose",FALSE,30533,0
"429","L","diesel_lady","Asia Reeves",FALSE,30521,0
"430","L","yesmagazine","YES! Magazine",FALSE,30483,0
"431","L","writer_sheri","sheri strykowski",FALSE,30127,0
"432","L","drdigipol","Alan Rosenblatt",FALSE,30120,0
"433","L","_DavidCastain","David Castain ®",FALSE,30083,1
"434","L","thebaide","Theresa Williams",FALSE,29770,0
"435","L","mdig1968","Manos Digenis",FALSE,29734,0
"436","L","SpinaBifidaAssn","Spina Bifida Assn.",FALSE,29548,0
"437","L","victorricciardi","Behavioral Finance",FALSE,29490,0
"438","L","mattklewis","Matt K. Lewis",FALSE,29325,64
"439","L","PersonalBrandUK","Personal Branding UK",FALSE,28900,0
"440","L","AuthorNarea","HT Narea",FALSE,28898,0
"441","L","TheReidReport","Joy Reid",FALSE,28890,0
"442","L","PeopleClues","PeopleClues",FALSE,28869,0
"443","L","KHNews","Kaiser Health News",FALSE,28851,0
"444","L","Atty44","Politico",FALSE,28848,207
"445","L","Militarydotcom","Military.com",FALSE,28746,0
"446","L","Troptraditions","Tropical Traditions",FALSE,28557,0
"447","L","mrdaveyd","Davey D",FALSE,28521,0
"448","L","TheOregonianBoo","TheOregonian Boo",FALSE,28152,0
"449","L","bobfartall","Bob Fartall",FALSE,28116,0
"450","L","ianhuckabee","Ian Huckabee",FALSE,28023,0
"451","L","buzzflash","buzzflash",FALSE,28000,0
"452","L","SashaKane","SashaKane",FALSE,27900,9
"453","L","Own_Your_Future","Bill Grunau",FALSE,27847,0
"454","L","BlueRiseMedia","Blue Rise Media",FALSE,27835,0
"455","L","EdMorrissey","EdMorrissey",FALSE,27806,1
"456","L","aboutpolitics","Political Report",FALSE,27780,0
"457","L","commercialREbkr","Eric Ramirez",FALSE,27542,0
"458","L","CBSRadioNews","CBS Radio News",FALSE,27462,0
"459","L","P0TUS","Barracks O'Bama",FALSE,27068,0
"460","L","HBCUDigest","HBCU Digest",FALSE,27043,0
"461","L","KIRO7Seattle","KIRO 7",FALSE,26978,8
"462","L","DrMarsha","Marsha Lucas, PhD",FALSE,26937,0
"463","L","markdante1","Mark",FALSE,26887,78
"464","L","thecentristword","The Centrist Word",FALSE,26632,16
"465","L","CollegeDems","College Democrats ",FALSE,26457,0
"466","L","CAPcongress","CAP Action: Congress",FALSE,26250,0
"467","L","Stranahan","Lee Stranahan",FALSE,26087,388
"468","L","SunSentinel","Sun Sentinel",FALSE,25805,0
"469","L","gaymarriagewatc","Gay Marriage Watch",FALSE,25589,0
"470","L","ugodofwutang","ugodofwutang",FALSE,25554,128
"471","L","DailySourceNews","DailySource",FALSE,25525,0
"472","L","foxvalleyglass1","jaimeleyva",FALSE,25475,0
"473","L","WTHRcom","WTHR.com",FALSE,25130,0
"474","L","RichMcCourt","Rich McCourt",FALSE,25073,0
"475","L","GottaLaff","GottaLaff",FALSE,25053,0
"476","L","RayBeckerman","RayBeckerman",FALSE,24771,0
"477","L","GrowTweets","Growing Tweets ",FALSE,24702,0
"478","L","PeterHambyCNN","Peter Hamby",FALSE,24669,0
"479","L","DCdebbie","DC Debbie",FALSE,24652,0
"480","L","PlanetRomney","Mitt Romney in 2012!",FALSE,24538,0
"481","L","nextactioncoach","Gus SertageÄ",FALSE,24433,0
"482","L","BradASchenck","Brad A Schenck",FALSE,24415,1
