"","Username","Category","Real_name","Real_Name","ideology","followers_count"
"1","10TV","Media","10TV.com","10TV.com","L",27892
"2","AAN","Advocacy","American Action Network","AAN","L",2131
"3","AARP","Org","Official AARP Tweets","Official AARP Tweets","C",53777
"4","abc7newsBayArea","Media","abc7newsBayArea","ABC7 News","L",55529
"5","ACLU","Org","ACLU National","ACLU National","C",148076
"6","adamhousley","","Adam Housley","Adam Housley","C",28314
"7","AEI","Org","AEI","AEI","C",22051
"8","AFPhq","Advocacy","AFP","AFP","C",30685
"9","AGOWA","","WA Attorney General","WA Attorney General","L",6189
"10","AHMalcolm","","Andrew Malcolm","Andrew Malcolm","L",86390
"11","AlanColmes","""Journalist""","Alan Colmes","Alan Colmes","L",30149
"12","AllenWest","","Allen West","Allen West","C",43146
"13","AMAnet","","American Management","American Management","C",110790
"14","amyklobuchar","","Amy Klobuchar","Amy Klobuchar","L",6682
"15","AnandWrites","Celeb","Anand Giridharadas","Anand Giridharadas","C",9558
"16","andersonlive","Media","Anderson Live","Anderson Live","L",108683
"17","andylevy","","Andy Levy","Andy Levy","C",105380
"18","AnitaMarks","","AnitaMarks","AnitaMarks","L",11052
"19","AnthonyGemma","","Anthony Gemma","Anthony Gemma","L",980849
"20","ariannahuff","Celeb","Arianna Huffington","Arianna Huffington","L",949452
"21","AriMelber","","Ari Melber","Ari Melber","L",33770
"22","arthurbrooks","Advocacy","Arthur Brooks","Arthur Brooks","C",12169
"23","askgeorge","Politician","Rep.George Miller","Rep.George Miller","L",7456
"24","AustinScottGA08","","Rep. Austin Scott","Rep. Austin Scott","C",2604
"25","AWMooneyCNN","","Alexander Mooney/CNN","Alexander Mooney/CNN","L",9004
"26","BarackObama","Politician","President Barack Obama","Barack Obama","L",21841394
"27","BashirLive","Journalist","Martin Bashir","Martin Bashir","C",24900
"28","BCBSNebraska","","Nebraska Blue","Nebraska Blue","L",2582
"29","benandjerrys","Company","Ben & Jerry's","Ben & Jerry's","L",77739
"30","BenLaBolt","","Ben LaBolt","Ben LaBolt","C",27634
"31","billburton716","""Politician""","Bill Burton","Bill Burton","C",13125
"32","BillyHallowell","Journalist","Billy Hallowell","Billy Hallowell","C",62439
"33","BizRoundtable","","Business Roundtable","Business Roundtable","C",11736
"34","boblatta","Politician","U.S. Rep. Bob Latta","U.S. Rep. Bob Latta","C",9872
"35","bobmcdonnell","","Bob McDonnell","Bob McDonnell","C",22925
"36","BoldNebraska","","Bold Nebraska","Bold Nebraska","L",1190
"37","BoldProgressive","Advocacy","Progressive Change Campaign Committee","BoldProgressives.org","L",25400
"38","BorowitzReport","Media","Andy Borowitz","Andy Borowitz","L",385330
"39","BoyGeorge","Celeb","boygeorge","boygeorge","C",231587
"40","BretBaier","Journalist","Bret Baier","Bret Baier","C",147761
"41","brianstelter","","Brian Stelter","Brian Stelter","C",131029
"42","BrightTALK","","BrightTALK","BrightTALK","L",9051
"43","BrookeBCNN","Journalist","Brooke Baldwin","Brooke Baldwin","L",80970
"44","BruceBraley","","Bruce Braley","Bruce Braley","L",14414
"45","BrunnerForMO","","John Brunner","John Brunner","C",2644
"46","BuckMcKeon","Politician","Rep. Buck McKeon","Buck McKeon","C",8428
"47","BuddyRoemer","Governor","Gov. Buddy Roemer","Gov. Buddy Roemer","C",25478
"48","BuzzFeedBen","Media","Ben Smith","Ben Smith","L",110863
"49","Caissie","","Caissie St.Onge","Caissie St.Onge","C",16458
"50","CarolynBMaloney","Politician","Carolyn B. Maloney","Carolyn B. Maloney","C",5179
"51","cathymcmorris","Politician","CathyMcMorrisRodgers","CathyMcMorrisRodgers","C",12004
"52","CatoInstitute","Org","Cato Institute","Cato Institute","C",146547
"53","CATPOWER","Celeb","chan marshall","chan marshall","L",18229
"54","cbrangel","Politician","Charles Rangel","Charles Rangel","C",11601
"55","CBSi","","CBS Interactive","CBS Interactive","L",17135
"56","centromatic","","Centro-matic","Centro-matic","L",3449
"57","CFR_org","Org","CFR","CFR","L",46071
"58","charleymooreesq","","Charley Moore","Charley Moore","C",1526
"59","CharlieBassNH","","Charlie","Charlie","L",1393
"60","Chillie_Mo","Celeb","Chillie Mo (C. MO)","Chillie Mo (C. MO)","C",128548
"61","ChrisCoons","","Senator Chris Coons","Senator Chris Coons","C",7797
"62","ChrisVanHollen","","Chris Van Hollen","Chris Van Hollen","C",8771
"63","ChuckGrassley","","ChuckGrassley","ChuckGrassley","C",46146
"64","ChuckSchumer","","Chuck Schumer","Chuck Schumer","C",32944
"65","CIRonline","","CIR","CIR","L",5958
"66","Citizens_United","Advocacy","Citizens United","Citizens United","C",9705
"67","civilrightsorg","Advocacy","The Leadership Conference on Civil and Human Rights","Civil Rights","C",5376
"68","ckanal","","Craig Kanalley","Craig Kanalley","C",13739
"69","ClevelandClinic","","Cleveland Clinic","Cleveland Clinic","C",75914
"70","Clyburn","","James E. Clyburn","James E. Clyburn","L",11249
"71","CNNbelief","Media","Belief Blog editors","Belief Blog editors","C",16889
"72","CommonCause","","CommonCause","CommonCause","C",7481
"73","CongHuelskamp","Politician","Cong. Tim Huelskamp","Cong. Tim Huelskamp","C",2815
"74","CongJeffMiller","","Jeff Miller","Jeff Miller","C",3139
"75","CongressmanGT","","Glenn 'GT' Thompson","Glenn 'GT' Thompson","C",5501
"76","congressorg","Organization","Congress.org","Congress.org","L",21452
"77","ConnieMackIV","","Connie Mack","Connie Mack","C",26427
"78","CoryBooker","Politician","Cory Booker","Cory Booker","L",1164686
"79","CREDOMobile","","CREDO Mobile","CREDO Mobile","L",8378
"80","CRNC","Advocacy","College Republicans","College Republicans","C",50093
"81","cspan","Media","CSPAN","CSPAN","C",231349
"82","CTmagazine","Media","Christianity Today","Christianity Today","C",58900
"83","current","Media","Current TV","Current TV","L",718873
"84","CWAUnion","","CWA","CWA","L",8885
"85","CWforA","Advocacy","Concerned Women for America","CWA LAC","C",7949
"86","daily_finance","Media","DailyFinance","DailyFinance","L",30697
"87","dailyrundown","","The Daily Rundown","The Daily Rundown","L",13798
"88","danielshea","Journalist","Danny Shea","Danny Shea","C",3383
"89","Daroff","","William Daroff","William Daroff","L",21150
"90","DarrellIssa","Politician","Darrell Issa","Darrell Issa","C",63839
"91","davereichert","","Dave Reichert","Dave Reichert","L",6315
"92","daveweigel","Journalist","daveweigel","daveweigel","L",89120
"93","David_Stringer","","David Stringer","David Stringer","L",6015
"94","DavidChalian","","David Chalian","David Chalian","C",9561
"95","DavidCornDC","","David Corn","David Corn","L",90247
"96","davidgregory","Journalist","David Gregory","David Gregory","L",1538731
"97","DavidVitter","Politician","David Vitter","David Vitter","C",16399
"98","dbongino","Politician","Dan Bongino","Dan Bongino","C",5449
"99","dccc","Politicians","Democratic Congressional Campaign Committee","DCCC","L",87391
"100","DeanHeller","","Dean Heller","Dean Heller","C",6851
"101","DemGovs","","DGA","DGA","L",13647
"102","DemsAbroad","","Democrats Abroad","Democrats Abroad","C",3145
"103","DennyRehberg","","Denny Rehberg","Denny Rehberg","C",6178
"104","DevinNunes","Politician","Devin Nunes","Devin Nunes","C",1808
"105","dicklugar","Politician","Senator Dick Lugar","Senator Dick Lugar","L",4375
"106","DirectRelief","Advocacy","Direct Relief","Direct Relief ","C",10047
"107","donnabrazile","Politician","Donna Brazile","Donna Brazile","C",283600
"108","dooce","Blog","Heather B. Armstrong","Heather B. Armstrong","C",1554107
"109","dscc","Politicians","Democratic Senatorial Congressional Committee","DSCC","C",24781
"110","DWStweets","Politician","D Wasserman Schultz","D Wasserman Schultz","C",145922
"111","edshow","Pundit","Ed Schultz","Ed Schultz","L",113815
"112","edstetzer","","Ed Stetzer","Ed Stetzer","C",60718
"113","edvotes","Advocacy","Education Votes","Education Votes","L",16893
"114","ehasselbeck","Celeb","elisabeth hasselbeck","elisabeth hasselbeck","C",283300
"115","eldiariony","","El Diario La Prensa","El Diario La Prensa ","C",11104
"116","ElizabethEmken","Politician","Elizabeth Emken","Elizabeth Emken","L",10249
"117","elizabethforma","Politician","Elizabeth Warren","Elizabeth Warren","C",27041
"118","emilyslist","Advocacy","EMILY's List","EMILY's List","L",24382
"119","Emken2012","","Elizabeth Emken","Elizabeth Emken","C",671
"120","EnergyTomorrow","","EnergyTomorrow","EnergyTomorrow","C",10681
"121","EricCantor","Politicians","Eric Cantor","Eric Cantor","C",72462
"122","ErrolCNN","","Errol Barnett","Errol Barnett","L",17368
"123","EW","Media","Entertainment Weekly","Entertainment Weekly","L",2115670
"124","EWErickson","Blogger","Erick Erickson","Erick Erickson","C",69132
"125","ezraklein","Blogger","Ezra Klein","Ezra Klein","L",249829
"126","farenthold","Politician","Blake Farenthold","Blake Farenthold","C",3796
"127","Fidelity","","Fidelity Investments","Fidelity Investments","L",49805
"128","FinancialCmte","","Financial Services","Financial Services","C",6388
"129","FLGovScott","","Rick Scott","Rick Scott","C",25363
"130","ForAmerica","Advocacy","ForAmerica","ForAmerica","C",17838
"131","fredthompson","","Fred Thompson","Fred Thompson","C",114853
"132","FreedomWorks","Advocacy","FreedomWorks","FreedomWorks","C",79967
"133","frontlinepbs","Media","FRONTLINE","FRONTLINE","C",40743
"134","GavinNewsom","Politician","Gavin Newsom","Gavin Newsom","C",1274726
"135","GEpublicaffairs","Company","GE Public Affairs","GE Public Affairs","L",3288
"136","gimmemotalk","Celeb","Monique Coleman","Monique Coleman","C",468983
"137","glaad","Advocacy","GLAAD","GLAAD","L",129844
"138","glennbeck","Celeb","Glenn Beck","Glenn Beck","C",495124
"139","GoodwillIntl","","Goodwill Industries","Goodwill Industries ","L",11941
"140","GOP","Politicay Party","Republican National Committee","RNC","C",181158
"141","gopconference","","GOP Conference","GOP Conference","C",36725
"142","GOPLeader","Politicians","Kevin McCarthy","Eric Cantor","C",88219
"143","GOPoversight","Politicians","GOP Oversight","GOP Oversight","C",10821
"144","GOPWhip","Politicians","Steve Scalise","Kevin McCarthy","C",22684
"145","GovChristie","Politician","Governor Christie","Governor Christie","C",122770
"146","GovernorOMalley","Politician","Martin O'Malley","Martin O'Malley","C",20260
"147","GovernorPerry","Politician","Rick Perry","Rick Perry","C",141006
"148","GovMikeHuckabee","Politician","Gov. Mike Huckabee","Gov. Mike Huckabee","C",244048
"149","GovWin","","GovWin","GovWin","C",4484
"150","GregBehrendt","Celebrities","Greg Behrendt","Greg Behrendt","L",17040
"151","GreggHarper","","Gregg Harper","Gregg Harper","C",6885
"152","gretawire","Journalist","Greta Van Susteren","Greta Van Susteren","L",249125
"153","GroverNorquist","""Politician""","Grover Norquist","Grover Norquist","C",33442
"154","GStephanopoulos","Journalist","George Stephanopoulos","GeorgeStephanopoulos","L",1764404
"155","GuardianUS","Media","GuardianUS","GuardianUS","C",34707
"156","GuyKawasaki","","Guy Kawasaki","Guy Kawasaki","C",1185708
"157","HappeningNow","","Happening Now","Happening Now","C",9082
"158","harto","Celeb","Hannah Hart","Hannah Hart","C",117106
"159","Harvard","Org","Harvard University","Harvard University","L",129911
"160","HawaiiRedCross","","HawaiiRedCross","HawaiiRedCross","L",10923
"161","healthfinder","Federal Agency","healthfinder.gov","healthfinder.gov","L",175913
"162","HerbertForUtah","","Gary R. Herbert","Gary R. Herbert","C",2921
"163","Heritage","Org","Heritage Foundation","Heritage Foundation","C",236501
"164","hilaryr","","Hilary Rosen","Hilary Rosen","C",40992
"165","HispanicCaucus","Politicians","Congressional Hispanic Caucus","Official CHC- 112th","L",6628
"166","HollandTaylor","Celeb","Holland Taylor","Holland Taylor","C",18875
"167","HotlineReid","","Reid Wilson","Reid Wilson","L",19433
"168","HouseBudgetDems","","HouseBudgetDems","HouseBudgetDems","C",2808
"169","HouseCommerce","Poltiicians","Energy and Commerce","Energy and Commerce","C",8585
"170","HouseDemocrats","Politicians","House Democrats","House Democrats","L",29221
"171","HowardCoble","","Howard Coble","Howard Coble","C",1369
"172","HowardKurtz","","HowardKurtz","HowardKurtz","C",111927
"173","HRBlock","","H&R Block","H&R Block","L",12599
"174","HRC","Advocacy","HumanRightsCampaign","HumanRightsCampaign","L",131143
"175","HuffingtonPost","Media","Huffington Post","Huffington Post","L",2248949
"176","HuffPostPol","Media","HuffPost Politics","HuffPost Politics","C",242342
"177","insideview","Company","InsideView","InsideView","L",12640
"178","IntelFreePress","","IntelFreePress","IntelFreePress","L",1853
"179","IVNetwork","","Independent Voter","Independent Voter","L",3670
"180","iWatch","Media","iWatch News","iWatch News","C",15064
"181","jahimes","Politician","Rep. Jim Himes","Jim Himes","L",6616
"182","janschakowsky","Politician","Jan Schakowsky","Jan Schakowsky","C",7130
"183","Jason","","jason","jason","C",154255
"184","JayInslee","","JayInslee","JayInslee","L",3855
"185","jdickerson","Journalist","John Dickerson","John Dickerson","L",1376725
"186","JenGranholm","Politician","Gov. Jennifer Granholm","Jennifer Granholm","L",30106
"187","jenniferhutt","","jennifer hutt","jennifer hutt","C",15055
"188","jeremybird","","Jeremy Bird","Jeremy Bird","C",14812
"189","JerryMoran","","Jerry Moran","Jerry Moran","L",5962
"190","jgolnik","","Jon Golnik","Jon Golnik","C",1326
"191","JimDeMint","","Jim DeMint","Jim DeMint","L",142117
"192","JNJComm","","Johnson & Johnson","Johnson & Johnson","L",22990
"193","joanwalsh","Blogger","Joan Walsh","Joan Walsh","L",69836
"194","JoeNBC","Celeb","Joe Scarborough","Joe Scarborough","C",162513
"195","JoeSestak","","Joe Sestak","Joe Sestak","C",6987
"196","john_dingell","","John Dingell","John Dingell","C",4920
"197","johnboehner","Politician","John Boehner","John Boehner","C",204784
"198","JohnCarneyDE","","Rep. John Carney","Rep. John Carney","L",2897
"199","JohnCornyn","Poltiician","Senator John Cornyn","JohnCornyn","C",28399
"200","johnculberson","Politician","John Culberson","johnculberson","C",15942
"201","JohnFugelsang","Celeb","John Fugelsang","John Fugelsang","L",73640
"202","JohnKingCNN","Journalist","John King","John King","C",110762
"203","johnlegend","Celeb","John Legend","John Legend","C",3998348
"204","JonahNRO","Advocacy","Jonah Goldberg","Jonah Goldberg","C",67404
"205","JonBruning","","Jon Bruning","Jon Bruning","C",1864
"206","JonCarson44","","Jon Carson","Jon Carson","L",7136
"207","jontester","","Jon Tester","Jon Tester","L",4058
"208","joshtpm","Journalist","Josh Marshall","Josh Marshall","L",63174
"209","joshuadubois","Advocacy","Joshua DuBouis","joshuadubois","C",12165
"210","JudgeCarter","","JudgeCarter","JudgeCarter","C",7171
"211","Judgenap","""Journalist""","Judge Napolitano","Judge Napolitano ","C",106269
"212","JudgeTedPoe","","Ted Poe","Ted Poe","C",6448
"213","JudyWoodruff","","Judy Woodruff","Judy Woodruff","L",6997
"214","JulieBanderas","","Julie Banderas","Julie Banderas","C",30358
"215","justiacom","","justiacom","justiacom","C",11463
"216","kanter","Advocacy","Beth Kanter","Beth Kanter","C",403635
"217","KarenElsonMusic","Celeb","Karen Elson","Karen Elson","C",11296
"218","KarlRove","""Politician""","Karl Rove","Karl Rove","C",351922
"219","KatrinaNation","Celeb","Katrina VandenHeuvel","Katrina vandenHeuvel","L",59564
"220","kaybaileyhutch","Politician","Kay Bailey Hutchison","Kay Bailey Hutchison","C",11934
"221","KeithOlbermann","Celeb","Keith Olbermann","Keith Olbermann","C",383038
"222","kerpen","""Politician""","Phil Kerpen","Phil Kerpen","L",9615
"223","kevinomccarthy","","Kevin McCarthy","Kevin McCarthy","C",16772
"224","KFIAM640","","KFI AM 640","KFI AM 640","L",15627
"225","KirkWhalum","","Kirk Whalum","Kirk Whalum","L",21675
"226","kirstenpowers10","Pundit","kirsten powers","kirsten powers","C",28897
"227","KPCC","Media","89.3 KPCC","89.3 KPCC","L",17049
"228","KyleTurley","","Kyle Turley","Kyle Turley","L",4742
"229","LambdaLegal","Advocacy","Lambda Legal","Lambda Legal","L",34726
"230","LasVegasSun","Media","LasVegasSun","LasVegasSun","L",24080
"231","lasvegasweekly","","lasvegasweekly","lasvegasweekly","L",26919
"232","latimes","Media","Los Angeles Times","Los Angeles Times","L",384146
"233","latimesmuskal","Journalist","Michael Muskal LAT","Michael Muskal LAT","L",3083
"234","ledisi","Celeb","ledisi","ledisi","L",120532
"235","LEETERRYNE","","LEETERRYNE","LEETERRYNE","L",4970
"236","LeslieSanchez","Pundit","Leslie Sanchez","Leslie Sanchez","C",9888
"237","lfmccullough","Journalist","Lauren McCullough","Lauren McCullough","C",5119
"238","lfrusa","","Let Freedom Ring USA","Let Freedom Ring USA","C",4831
"239","Linda_McMahon","","Linda McMahon","Linda McMahon","C",35438
"240","lingle2012","","Linda Lingle","Linda Lingle","C",1814
"241","LIVESTRONG","Media","LIVESTRONG","LIVESTRONG","C",412269
"242","LorettaSanchez","","Loretta Sanchez","Loretta Sanchez","L",4198
"243","LugarHQ","","Lugar 2012 HQ","Lugar 2012 HQ","L",875
"244","LugarPress","","Lugar Press","Lugar Press","C",989
"245","maddow","Media","Rachel Maddow MSNBC","Rachel Maddow MSNBC","L",2142227
"246","malloryfactor","","Mallory Factor","Mallory Factor","C",903
"247","marciafudge","Politician","Rep. Marcia L. Fudge","Marcia L. Fudge","L",4391
"248","MarkHalperin","","Mark Halperin","Mark Halperin","L",39439
"249","markknoller","","Mark Knoller","Mark Knoller","C",112449
"250","markos","Journalist","Markos Moulitsas","Markos Moulitsas","L",85033
"251","MarkWarner","","Mark Warner","Mark Warner","C",26950
"252","MarshaBlackburn","","Marsha Blackburn","Marsha Blackburn","C",5818
"253","MaryBonoMack","Politician","Rep. Mary Bono Mack","Rep. Mary Bono Mack","C",8710
"254","MassGovernor","Politician","Deval Patrick","Deval Patrick","C",30200
"255","MattBlunt","Politician","Gov. Matt Blunt","Matt Blunt","C",3981
"256","mayortommenino","","Mayor Tom Menino","Mayor Tom Menino","C",14932
"257","maziehirono","Politician","Senator Mazie Hirono","Mazie Hirono","L",4261
"258","MCHammer","Celeb","MC HAMMER","MC HAMMER","C",2766359
"259","megynkelly","Journalist","Megyn Kelly","Megyn Kelly","C",150341
"260","Menendez4NJ","Politician","Bob Menendez","Bob Menendez","C",9499
"261","MiaFarrow","Celeb","mia farrow","mia farrow","C",70975
"262","MiamiHerald","Media","The Miami Herald","The Miami Herald","L",78097
"263","michaelpfalcone","","Michael Falcone","Michael Falcone","L",15470
"264","michele_norris","Journalist","Michele Norris","Michele Norris","C",12625
"265","MicheleBachmann","Politician","MicheleBachmann","Michele Bachmann","C",158892
"266","michellemalkin","Blogger","Michelle Malkin","Michelle Malkin","C",445889
"267","MittRomney","Politician","Mitt Romney","Mitt Romney","C",610997
"268","mmfa","","Media Matters","Media Matters","L",81519
"269","MMStewartCNN","Journalist","Martina Stewart","Martina Stewart","C",6093
"270","MONEY","Media","Money Magazine","Money Magazine","L",38222
"271","MonsterWW","","MonsterWW","MonsterWW","L",14421
"272","morgfair","Celeb","Morgan Fairchild","Morgan Fairchild","L",16679
"273","morningmoneyben","","Ben White","Ben White","L",10869
"274","MoRocca","Journalist","Mo Rocca","Mo Rocca","C",420085
"275","MoveOn","Advocacy","MoveOn.org","MoveOn.org","L",80726
"276","msftcitizenship","","MicrosoftCitizenship","MicrosoftCitizenship","L",20253
"277","MSN_Money","Media","MSN Money","MSN Money","C",42023
"278","MufiHannemann","Politician","Mufi Hannemann","Mufi Hannemann","C",535201
"279","NancyPelosi","Politician","Nancy Pelosi","Nancy Pelosi","L",197162
"280","NancySinatra","Celeb","Nancy Sinatra","Nancy Sinatra","L",49088
"281","nanettelepore","Celeb","Nanette Lepore","Nanette Lepore","C",26144
"282","NatResources","","Natural Resources","Natural Resources","C",6008
"283","NBCLA","Media","NBC Los Angeles","NBC Los Angeles","L",47571
"284","NBCNews","Media","NBC News","NBC News","L",390228
"285","nbcsandiego","Media","NBC 7 San Diego","NBC 7 San Diego","C",21355
"286","NEAToday","","NEA Today","NEA Today","L",54471
"287","NESN","","New England Sports Network","NESN","L",79623
"288","newsbusters","Media","NewsBusters","NewsBusters","L",39271
"289","NewsHour","Media","NewsHour","NewsHour","L",320966
"290","Newsweek","Media","Newsweek","Newsweek","C",1792581
"291","newtgingrich","Politician","Newt Gingrich","Newt Gingrich","C",1462770
"292","NewYorkPost","Media","New York Post","New York Post","L",285537
"293","NFIB","Org","National Federation of Independent Business","NFIB","C",26181
"294","NickKristof","Journalist","Nicholas Kristof","Nicholas Kristof","C",1332645
"295","nikiinthehouse","","Niki Tsongas","Niki Tsongas","C",2515
"296","NIOSH","Federal Agency","The National Institute for Occupational Safety and Health","Safe Healthy Workers","C",170992
"297","NoLabelsOrg","Org","No Labels","No Labels","C",24123
"298","NorahODonnell","Journalist","Norah O'Donnell","Norah O'Donnell","L",55889
"299","nprfreshair","Media","NPR's Fresh Air","NPR's Fresh Air","L",78532
"300","nprnews","Media","NPR News","NPR News","L",1301324
"301","nprscottsimon","Journalist","Scott Simon","Scott Simon","C",1231002
"302","NRCC","Politicians","National Republican Congressional Committee","NRCC","C",41110
"303","NRDC","Advocacy","National Resource Defense Council","NRDC","C",51602
"304","NRSC","Politicians","National Republic Senatorial Committee","NRSC","C",46143
"305","nydailynews","Media","New York Daily News","New York Daily News","L",97809
"306","NYT_JenPreston","Journalist","Jennifer Preston","Jennifer Preston","L",66752
"307","nytimes","Media","The New York Times","The New York Times","C",5499469
"308","OFA_AK","","Obama for America AK","Obama for America AK","L",5897
"309","OFA_AR","","Obama for America AR","Obama for America AR","L",5546
"310","OFA_AZ","Org","Obama for America AZ","Obama for America AZ","L",4773
"311","OFA_CA","Org","Obama for America CA","Obama for America CA","L",18325
"312","OFA_CO","Org","Obama for America CO","Obama for America CO","L",20163
"313","OFA_CT","","Obama for America CT","Obama for America CT","L",5923
"314","OFA_DC","","Obama for America DC","Obama for America DC","L",8442
"315","OFA_FL","Org","Obama for America FL","Obama for America FL","L",35672
"316","OFA_HI","","Obama for America HI","Obama for America HI","L",2523
"317","OFA_IA","Org","Obama for America IA","Obama for America IA","L",12787
"318","OFA_Illinois","Advocacy","Obama for America IL","Obama for America IL","L",11258
"319","OFA_KY","Org","Obama for America KY","Obama for America KY","L",3351
"320","OFA_LA","","Obama for America LA","Obama for America LA","L",6676
"321","OFA_MD","","Obama for America MD","Obama for America MD","L",6307
"322","OFA_MI","","Obama for America MI","Obama for America MI","L",10552
"323","OFA_MN","Org","Obama for America MN","Obama for America MN","L",8493
"324","OFA_MS","Org","Obama for America MS","Obama for America MS","L",6104
"325","OFA_MT","","Obama for America MT","Obama for America MT","L",4719
"326","OFA_NC","Org","Obama for America NC","Obama for America NC","C",23904
"327","OFA_ND","","Obama for America ND","Obama for America ND","L",3007
"328","OFA_NH","Org","Obama for America NH","Obama for America NH","L",14403
"329","OFA_NJ","","Obama for America NJ","Obama for America NJ","L",4612
"330","OFA_NM","Org","Obama for America NM","Obama for America NM","L",7050
"331","OFA_NV","Org","Obama for America NV","Obama for America NV","L",25197
"332","OFA_NY","","Obama for America NY","Obama for America NY","L",22192
"333","OFA_OH","Org","Obama for America OH","Obama for America OH","L",35126
"334","OFA_PA","Org","Obama for America PA","Obama for America PA","L",48995
"335","OFA_RI","","Obama for America RI","Obama for America RI","L",5875
"336","OFA_SC","Advocacy","Obama for America SC","Obama for America SC","L",7704
"337","OFA_VA","Org","Obama for America VA","Obama for America VA","L",17839
"338","OFA_WA","Org","Obama for America WA","Obama for America WA","L",4670
"339","OFA_WI","Org","Obama for America WI","Obama for America WI","L",17912
"340","ohiogop","","Ohio Republicans","Ohio Republicans","C",7569
"341","OlsonPressShop","","Staff","Staff","L",2643
"342","onfaith","","OnFaith","OnFaith","C",38703
"343","OrrinHatch","Politician","Orrin Hatch","Orrin Hatch","C",32164
"344","oskargarcia","","Oskar Garcia","Oskar Garcia","C",6945
"345","page88","","Virginia Heffernan","Virginia Heffernan","C",18747
"346","PamGrier","Celeb","Pam Grier","Pam Grier","C",504274
"347","Parentella","","Parentella","Parentella","L",18175
"348","PattyMurray","Politician","Senator Patty Murray","Senator Patty Murray","C",5749
"349","PBS","Media","PBS","PBS","L",1216891
"350","personalliberty","","Bob Livingston","Bob Livingston","C",2432
"351","PeteOlson","","Pete Olson","Pete Olson","L",6053
"352","PeterKinder","Politician","Peter Kinder","Peter Kinder","C",5999
"353","PeteSessions","Politician","Pete Sessions","Pete Sessions","C",6868
"354","pfeiffer44","""Politician""","Dan Pfeiffer","Dan Pfeiffer","C",30065
"355","Pistachio","Celeb","Laura Fitton","Laura Fitton","L",101020
"356","PleasureEllis","Celeb","Pleasure Ellis","Pleasure Ellis","C",1068105
"357","postpolitics","Media","PostPolitics","PostPolitics","L",56037
"358","PPact","Org","Planned Parenthood","Planned Parenthood","L",68339
"359","PrestonCNN","Journalist","Mark Preston","Mark Preston","L",23189
"360","prsarahevans","","Sarah Evans","Sarah Evans","L",78530
"361","PublicHealth","Advocacy","American Public Health Association","APHA","C",210130
"362","Publici","Media","Public Integrity","Public Integrity","L",17430
"363","radian6","","Salesforce Radian6","Salesforce Radian6","C",57384
"364","radware","","Radware","Radware","C",6938
"365","Randy_Forbes","","Randy Forbes","Randy Forbes","C",7803
"366","RandyNeugebauer","Politician","Randy Neugebauer","Randy Neugebauer","C",5468
"367","Raul_Labrador","","Ra煤l R. Labrador","Raúl R. Labrador","C",3403
"368","razoo","","Razoo.com","Razoo.com","C",6939
"369","reason","","reason","reason","C",95968
"370","Reince","Politician","Reince Priebus","Reince Priebus","C",146819
"371","ReincePriebus","","Reince Priebus","Reince Priebus","C",28523
"372","RELEVANT","Media","RELEVANT Magazine","RELEVANT Magazine","C",83896
"373","Rep_Adam_Smith","","Rep. Adam Smith","Rep. Adam Smith","C",3586
"374","Rep_BonoMack","Politician","Mary Bono Mack","Mary Bono Mack","C",3342
"375","Rep_JaniceHahn","","Janice Hahn","Janice Hahn","C",1129
"376","Rep_Southerland","","Steve Southerland","Steve Southerland","C",3313
"377","RepBecerra","","Rep. Xavier Becerra","Rep. Xavier Becerra","C",5747
"378","repbenraylujan","","Ben Ray Lujan","Ben Ray Lujan","L",4482
"379","RepBillFlores","Politicians","Rep. Bill Flores","Rep. Bill Flores","C",3456
"380","RepBillJohnson","Politician","Bill Johnson","Bill Johnson","C",2678
"381","RepBillShuster","","Bill Shuster","Bill Shuster","C",5599
"382","repbobbyscott","","Rep. Bobby Scott","Rep. Bobby Scott","C",2818
"383","RepBobGibbs","","Rep. Bob Gibbs","Rep. Bob Gibbs","C",3159
"384","RepBuerkle","Poltiician","Ann Marie Buerkle","Ann Marie Buerkle","C",3974
"385","RepCanseco","","Francisco Canseco","Francisco Canseco","C",2725
"386","RepCharlesBass","Politician","Rep. Charles Bass","Rep. Charles Bass","C",2657
"387","RepChipCravaack","","Rep. Chip Cravaack","Rep. Chip Cravaack","C",2957
"388","RepChuck","","Chuck Fleischmann","Chuck Fleischmann","C",2582
"389","RepCliffStearns","","Rep Cliff Stearns","Rep Cliff Stearns","C",4499
"390","RepDavid","Politician","Rep David Schweikert","Rep David Schweikert","C",5467
"391","RepDennisRoss","Politician","Dennis Ross","Dennis Ross","C",4395
"392","RepDianaDeGette","","Rep. Diana DeGette","Rep. Diana DeGette","C",4294
"393","RepDianeBlack","Politician","Diane Black","Diane Black","C",4259
"394","repdonyoung","","Rep. Don Young","Rep. Don Young","C",3979
"395","RepEBJ","Politician","Eddie BerniceJohnson","Eddie BerniceJohnson","L",3010
"396","RepEdRoyce","Politician","Rep. Ed Royce","Ed Royce","C",1993
"397","RepEliotEngel","","Eliot Engel","Eliot Engel","C",1409
"398","RepErikPaulsen","","Rep. Erik Paulsen","Rep. Erik Paulsen","C",7525
"399","RepFleming","","John Fleming","John Fleming","C",5385
"400","RepFredUpton","","Fred Upton","Fred Upton","C",5332
"401","RepGaramendi","Politician","John Garamendi","John Garamendi","C",5510
"402","RepGeoffDavis","Politician","Rep. Geoff Davis","Geoff Davis","C",2369
"403","RepGoodlatte","Politicians","Rep. Bob Goodlatte","Bob Goodlatte","C",5167
"404","RepGosar","Politician","Rep. Paul Gosar, DDS","Rep. Paul Gosar, DDS","L",4605
"405","repgregwalden","","Rep. Greg Walden","Rep. Greg Walden","C",5440
"406","RepGusBilirakis","","GusBilirakis","GusBilirakis","C",6061
"407","RepHuizenga","","Rep. Bill Huizenga","Rep. Bill Huizenga","C",3446
"408","RepJeffDuncan","","Rep. Jeff Duncan","Rep. Jeff Duncan","C",3886
"409","repjefflandry","Politician","Congressman Landry","Congressman Landry","C",2650
"410","RepJerryNadler","","Congressman Nadler","Congressman Nadler","C",2443
"411","RepJimMatheson","","Jim Matheson","Jim Matheson","C",4884
"412","RepJimMcDermott","Politician","Jim McDermott","Jim McDermott","C",5693
"413","RepJimRenacci","","Jim Renacci","Jim Renacci","C",2905
"414","RepJoeBaca","","Congressman Joe Baca","Congressman Joe Baca","L",3096
"415","RepJoeCourtney","Politician","Rep. Joe Courtney","Rep. Joe Courtney","L",4044
"416","RepJoeWalsh","","Rep. Joe Walsh","Rep. Joe Walsh","C",7700
"417","repjohnkline","Politician","Rep. John Kline","John Kline","C",3528
"418","RepJohnLarson","","Rep. John Larson","Rep. John Larson","C",3519
"419","RepJudyChu","Politician","Judy Chu","Judy Chu","C",2478
"420","repjustinamash","Politician","Justin Amash","Justin Amash","C",9521
"421","RepKarenBass","Politician","Congressmember Bass","Congressmember Bass","C",5768
"422","RepKayGranger","","OfficeofKayGranger","OfficeofKayGranger","C",3878
"423","RepKenMarchant","Politician","Rep. Kenny Marchant","Kenny Marchant","C",8077
"424","RepKevinBrady","Poltician","RepKevinBrady","RepKevinBrady","C",6197
"425","RepKevinYoder","","Rep. Kevin Yoder","Rep. Kevin Yoder","C",2667
"426","RepKinzinger","","Adam Kinzinger","Adam Kinzinger","C",4374
"427","RepLankford","","Rep. James Lankford","Rep. James Lankford","C",4710
"428","RepLarryBucshon","Politician","Larry Bucshon, MD","Larry Bucshon, MD","L",2616
"429","RepLoisCapps","","Lois Capps","Lois Capps","C",2793
"430","RepLouBarletta","","Rep. Lou Barletta","Rep. Lou Barletta","C",2783
"431","replouiegohmert","","Louie Gohmert","Louie Gohmert","C",4646
"432","RepLynnJenkins","","Lynn Jenkins","Lynn Jenkins","C",7891
"433","RepMeehan","","Patrick Meehan","Patrick Meehan","C",2123
"434","RepMikeCoffman","","Rep. Mike Coffman","Rep. Mike Coffman","C",7757
"435","RepMikePompeo","","Mike Pompeo","Mike Pompeo","C",2262
"436","RepMikeRogers","","Mike Rogers (MI-08)","Mike Rogers (MI-08)","C",2268
"437","RepMikeRogersAL","","Mike Rogers","Mike Rogers","C",5637
"438","RepNanHayworth","","Nan Hayworth","Nan Hayworth","L",2440
"439","RepPaulBrounMD","Politicians","Paul Broun","Paul Broun","C",7964
"440","RepPhilGingrey","","Rep Phil Gingrey, MD","Rep Phil Gingrey, MD","C",9534
"441","RepReneeEllmers","Politician","Rep. Renee Ellmers","Rep. Renee Ellmers","C",6859
"442","RepRibble","","Reid Ribble","Reid Ribble","C",2753
"443","RepRickBerg","Politician","Rep. Rick Berg","Rep. Rick Berg","C",2585
"444","RepRickCrawford","Politician","Rep Rick Crawford","Rep Rick Crawford","C",2688
"445","RepRickLarsen","","Rick Larsen","Rick Larsen","L",976
"446","RepRobertHurt","Politician","Rep. Robert Hurt","Rep. Robert Hurt ","C",2643
"447","repsandylevin","Politician","Sandy Levin","Sandy Levin","C",5214
"448","RepScottRigell","","Rep. Scott Rigell","Rep. Scott Rigell","C",3282
"449","RepSeanDuffy","","Sean Duffy","Sean Duffy","C",4068
"450","RepShelley","","Shelley Moore Capito","Shelley Moore Capito","C",3070
"451","RepShimkus","Politician","John Shimkus","John Shimkus","C",7967
"452","RepSteveChabot","","Steve Chabot","Steve Chabot","C",2127
"453","RepSteveIsrael","","Steve Israel","Steve Israel","C",7895
"454","RepSteveStivers","","Steve Stivers","Steve Stivers","C",3295
"455","RepStutzman","Politician","Rep. Marlin Stutzman","Rep. Marlin Stutzman","C",1669
"456","RepTimGriffin","Politician","Rep. Tim Griffin","Rep. Tim Griffin","C",5282
"457","RepTimScott","","Tim Scott","Tim Scott","C",6806
"458","RepTomGraves","Politician","Tom Graves","Tom Graves","C",4971
"459","RepTomPrice","Politician","Tom Price","Tom Price","C",14937
"460","RepTrentFranks","","Rep. Trent Franks","Rep. Trent Franks","C",7320
"461","RepublicanStudy","Politicians","Republican Study Committee","RSC","C",11209
"462","RepVisclosky","","Rep. Pete Visclosky","Rep. Pete Visclosky","C",1517
"463","RepWalberg","Politician","Rep. Tim Walberg","Rep Tim Walberg","C",4299
"464","RepWestmoreland","Politician","Rep. Lynn Westmoreland","Lynn Westmoreland","C",2577
"465","Revkin","","Andy Revkin","Andy Revkin","L",41607
"466","RI4A","","RI4A","RI4A","L",6012
"467","RickSantorum","POlitician","Rick Santorum","Rick Santorum","C",216200
"468","ridetheferry","","NY Waterway","NY Waterway","C",12688
"469","rightchange2012","","Team RightChange","Team RightChange","L",5652
"470","riotta","Journalist","gianni riotta","gianni riotta","C",74673
"471","RNC","Politicians","Republican National Committee","RNC","C",66600
"472","robmckenna","","Rob McKenna","Rob McKenna","C",2778
"473","robportman","","Rob Portman"," Rob Portman","L",13874
"474","RockTheVote","Advocacy","Rock the Vote","Rock the Vote","C",32142
"475","RonPaul","Politician","Ron Paul","Ron Paul","C",269512
"476","RonRamsey","Politician","Lt. Gov. Ron Ramsey","Lt. Gov. Ron Ramsey","C",16175
"477","RoyBlunt","","Senator Roy Blunt","Senator Roy Blunt","C",19916
"478","RSLC_President","","Chris Jankowski","Chris Jankowski","C",1507
"479","RT_America","Media","RT America","RT America","L",81862
"480","RulesReps","","HouseRulesCommittee","HouseRulesCommittee","C",3314
"481","russfeingold","Politician","Russ Feingold","Russ Feingold","L",33091
"482","rweingarten","Advocate","Randi Weingarten","Randi Weingarten","L",12366
"483","RWJF_PubHealth","Org","RWJF PublicHealth","RWJF PublicHealth","L",58094
"484","sandikrakowski","","Sandi Krakowski","Sandi Krakowski","L",65337
"485","SarahPalinUSA","Politician","Sarah Palin","Sarah Palin","C",797733
"486","Schriock1","""Politician""","Stephanie Schriock","Stephanie Schriock","L",3013
"487","ScottBrownMA","Politician","Scott P. Brown","Scott P. Brown ","C",40951
"488","ScottFeinberg","Celeb","Scott Feinberg","Scott Feinberg","C",5766
"489","ScottforFlorida","","Rick Scott","Rick Scott","C",5838
"490","ScottKWalker","Politician","Scott Walker","Scott Walker","L",27981
"491","seanhannity","Pundit","Sean Hannity","Sean Hannity","C",577420
"492","secupp","Pundit","S.E. Cupp","S.E. Cupp","L",119898
"493","SEIU","Advocacy","Service Employees International Union","SEIU","C",32227
"494","Senate_GOPs","Politicians","Senate Republicans","Senate Republicans","C",64070
"495","SenatorAkaka","","Daniel K. Akaka","Daniel K. Akaka","L",2451
"496","SenatorBurr","","Richard Burr","Richard Burr","C",13634
"497","SenatorDurbin","","Senator Dick Durbin","Senator Dick Durbin","C",15832
"498","senatorlugar","","U.S. Sen. Dick Lugar","U.S. Sen. Dick Lugar","L",13242
"499","SenatorReid","Politician","Senator Harry Reid","Senator Harry Reid","L",56102
"500","SenatorShaheen","Politician","Sen. Jeanne Shaheen","Sen. Jeanne Shaheen","C",5818
"501","SenatorSnowe","","Olympia J. Snowe","Olympia J. Snowe","C",5274
"502","SenGillibrand","Politician","Senator Kirsten Gillibrand","Kirsten Gillibrand","C",40648
"503","SenJohnBarrasso","Politician","Sen. John Barrasso","Sen. John Barrasso","C",4477
"504","SenToomey","","Senator Pat Toomey","Senator Pat Toomey","C",11569
"505","SexyLiberal","","Sexy Liberal Comedy","Sexy Liberal Comedy","L",57943
"506","ShannonBream","Journalist","Shannon Bream","Shannon Bream","L",49380
"507","SherrodBrown","","Sherrod Brown","Sherrod Brown","C",9146
"508","shondarhimes","Celeb","shonda rhimes","shonda rhimes","C",231779
"509","ShopfloorNAM","","Manufacturers Assoc.","Manufacturers Assoc.","C",4728
"510","SilvestreReyes","Politician","Rep. Silvestre Reyes","Congressman Reyes","C",3495
"511","SimonvanKempen","","Simon van Kempen","Simon van Kempen","L",79161
"512","SmallBizGOP","Advocacy","SmallBizGOP","SmallBizGOP","C",6521
"513","socialmoms","Advocacy","Megan Calhoun","Megan Calhoun","L",433562
"514","Soledad_OBrien","","Soledad O'Brien","Soledad O'Brien","C",197382
"515","sparkaction","","SparkAction","SparkAction","L",1849
"516","SpeakerBoehner","Poltiician","F. Speaker John Boehner","Speaker John Boehner","C",361998
"517","SpecialReport","Media","Special Report Team","Special Report Team","L",15013
"518","spenceformo","Politician","Dave Spence","Dave Spence","C",2761
"519","StephenAtHome","Celeb","Stephen Colbert","Stephen Colbert","L",3263082
"520","stephenfhayes","Pundit","Stephen Hayes","Stephen Hayes","L",72998
"521","SteveCase","","Steve Case","Steve Case","C",537511
"522","SteveScully","Journalist","Steve Scully","Steve Scully","C",3370
"523","StitcherRadio","","Stitcher Radio","Stitcher Radio","L",14389
"524","SunFoundation","","Sunlight Foundation","Sunlight Foundation","L",16839
"525","SuzanneMalveaux","Journalist","Suzanne Malveaux","Suzanne Malveaux","C",93475
"526","TakePart","","TakePart","TakePart","L",22835
"527","TammyBaldwinWI","","Tammy Baldwin","Tammy Baldwin ","C",8502
"528","tavissmiley","","Tavis Smiley","Tavis Smiley ","L",189325
"529","taxreformer","Advocacy","Americans for Tax Reform (ATR)","ATR","C",12859
"530","TeamBachmann","Politician","Michele Bachmann","Michele Bachmann","C",51340
"531","TeamBoehner","Advocacy","Team Boehner","Team Boehner","C",2192
"532","TeamBraley","","Braley for Congress","Braley for Congress","C",749
"533","TeamDewhurst","Advocacy","Dewhurst for Texas","Dewhurst for Texas","C",6261
"534","TeamRickPerry","Advocacy","Team Rick Perry","Team Rick Perry","C",24443
"535","tedcruz","Politician","Ted Cruz","Ted Cruz","C",33418
"536","TerryMoran","Journalist","Terry Moran","Terry Moran","C",1248758
"537","ThadMcCotter","","Thaddeus McCotter","Thaddeus McCotter","C",37410
"538","The_RGA","Politicians","Republican Governors Association","The RGA","C",25525
"539","TheBHF","","BHF","BHF","C",40518
"540","thecaucus","Media","NYT Politics","The Caucus","C",95585
"541","TheDailyShow","Media","The Daily Show","The Daily Show","C",802234
"542","TheDemocrats","","The Democrats","The Democrats","L",192535
"543","TheFix","","The Fix","The Fix","C",152994
"544","TheFrisky","","TheFrisky","TheFrisky","C",27334
"545","thegarance","Journalist","Garance Franke-Ruta","Garance Franke-Ruta","C",19456
"546","THEHermanCain","Politician","Herman Cain","Herman Cain","L",215378
"547","thejimjams","Media","James Hirsen","James Hirsen","C",280265
"548","TheLastWord","Media","The Last Word","The Last Word","C",28022
"549","theMRC","Advocacy","MediaResearchCenter","MediaResearchCenter","C",26286
"550","TheWeek","Media","The Week","The Week","C",34648
"551","timkaine","","Gov. Tim Kaine","Gov. Tim Kaine","C",16477
"552","TitusNation","","Christopher Titus","Christopher Titus","L",19585
"553","ToddAkin","","Todd Akin","Todd Akin","C",6833
"554","ToddRokita","","Todd Rokita","Todd Rokita","C",4811
"555","tomdelbeccaro","","Thomas Del Beccaro","Thomas Del Beccaro","C",4259
"556","TomLeppert","Politician","Tom Leppert","Tom Leppert","C",7636
"557","TommyForWI","","Tommy G. Thompson","Tommy G. Thompson","L",5467
"558","TomRooney","Politician","Rep. Tom Rooney","Tom Rooney","C",7457
"559","tomtomorrow","Journalist","Tom Tomorrow","Tom Tomorrow","L",31999
"560","TooMuchSwagCeo","","shaun gordon","shaun gordon","C",66079
"561","townhallcom","","Townhall.com","Townhall.com","C",32583
"562","TradeKing","","TradeKing","TradeKing","L",15881
"563","traychaney","","Tray Chaney","Tray Chaney","L",6508
"564","UNDP","","UN Development","UN Development","L",128165
"565","UNICEF","Org","UNICEF","UNICEF","L",1107968
"566","uschamber","","U.S. Chamber","U.S. Chamber","L",91890
"567","USNavy","","US Navy","US Navy","L",87799
"568","USProgressives","","Progressive Caucus","Progressive Caucus","L",11078
"569","UW","","U. of Washington","U. of Washington","C",22570
"570","VanJones68","Advocacy","Van Jones","Van Jones","C",68975
"571","VernBuchanan","","Rep. Vern Buchanan","Rep. Vern Buchanan","L",11208
"572","vijayiyer","Celeb","Vijay Iyer","vijayiyer","L",6494
"573","virginiafoxx","Politician","Virginia Foxx","Virginia Foxx","C",7795
"574","VPI","","VPI Pet Insurance","VPI Pet Insurance","L",20089
"575","WaysandMeansGOP","Politicians","Ways&Means Committee","Ways and Means ","C",8617
"576","WaysMeansCmte","Politician","Ways and Means Dems","Ways and Means Dems","L",7592
"577","wendywild","Celeb","Wendy Wild","Wendy Wild","C",120242
"578","WestWingReport","","West Wing Reports","West Wing Reports","C",148339
"579","WhipHoyer","Politician","Steny Hoyer","Steny Hoyer","L",20491
"580","whitehouse","Politicians","The White House","The White House","L",2953008
"581","WhyTuesday","","Why Tuesday?","Why Tuesday?","C",2336
"582","wilw","Celeb","Wil Wheaton","Wil Wheaton","C",2029461
"583","WithoutViolence","","Futures w/o Violence","Futures w/o Violence","L",2422
"584","wolfblitzer","Journalist","Wolf Blitzer","Wolf Blitzer","L",533634
"585","wolfblitzercnn","Media","Wolf Blitzer","Wolf Blitzer","L",514861
"586","WydenPress","Politician","WydenPress","WydenPress","C",2436
"587","XboxSupport","","Xbox Support (1-5)","Xbox Support (1-5)","L",183086
"588","YahooNews","Media","Yahoo! News","Yahoo! News","L",473240
"589","yrnf","Advocacy","Young Republicans","Young Republicans","C",9816
"590","YvetteClarke","","Yvette D. Clarke","Yvette D. Clarke","C",2646
